{"cameraMode":{"drawMode":0,"name":"Shaded","section":"Shading Mode"},"sceneLighting":false,"audioPlay":false,"sceneViewState":{"showFog":false,"showMaterialUpdate":true,"showSkybox":false,"showFlares":true,"showImageEffects":true,"showParticleSystems":true},"in2DMode":false,"pivot":{"x":-1.9931838512420655,"y":2.299642324447632,"z":0.3090994954109192},"rotation":{"x":0.0979134738445282,"y":-0.68655925989151,"z":0.09408674389123917,"w":0.7143030166625977},"size":2.8744428157806398,"orthographic":true}